{
  "schemaVersion": 2,
  "generatedAt": "2026-06-10T04:11:58.119Z",
  "node": "v24.3.0",
  "referenceHz": 2424.4644886571928,
  "tasks": {
    "reference/parse-500-items": {
      "hz": 2424.4644886571928,
      "mean": 0.41253856308994147,
      "normalized": 1,
      "normalizedRme": 0,
      "samples": 3638
    },
    "batch-get-format/100-items": {
      "hz": 3844.0481109727643,
      "mean": 0.26058448713831844,
      "normalized": 1.5863465726981503,
      "normalizedRme": 15.279148606132178,
      "samples": 5770
    },
    "entity-construction/new-entity": {
      "hz": 6171.908033589301,
      "mean": 0.16210953335278167,
      "normalized": 2.5469529411935015,
      "normalizedRme": 11.232955822414702,
      "samples": 9260
    },
    "entity-construction/new-entity-watchers": {
      "hz": 5685.492287082828,
      "mean": 0.17594353779412905,
      "normalized": 2.3459484941148427,
      "normalizedRme": 9.202963391510739,
      "samples": 8535
    },
    "params-chain/get": {
      "hz": 388292.19723028206,
      "mean": 0.002576322384780131,
      "normalized": 160.1758691120667,
      "normalizedRme": 6.285730042215901,
      "samples": 582975
    },
    "params-chain/query": {
      "hz": 260867.58213501098,
      "mean": 0.00383364114333602,
      "normalized": 107.62911073619341,
      "normalizedRme": 6.596224300497242,
      "samples": 391302
    },
    "params-chain/query-where": {
      "hz": 114070.16974197427,
      "mean": 0.008767453305424373,
      "normalized": 47.064258493790426,
      "normalizedRme": 7.115991189239105,
      "samples": 171106
    },
    "params-chain/update-set": {
      "hz": 88781.91955723667,
      "mean": 0.011286994319514502,
      "normalized": 36.646340920850015,
      "normalizedRme": 17.661690693644044,
      "samples": 133187
    },
    "params-chain/upsert": {
      "hz": 76100.52166636738,
      "mean": 0.013204382836770964,
      "normalized": 31.413345966819623,
      "normalizedRme": 23.45776790528955,
      "samples": 114152
    },
    "parse-format/100-items": {
      "hz": 12222.4801025672,
      "mean": 0.08184534482640307,
      "normalized": 5.043073744962243,
      "normalizedRme": 8.92464931196236,
      "samples": 18335
    },
    "parse-format/1000-items": {
      "hz": 1220.4660830788864,
      "mean": 0.82037659733162,
      "normalized": 0.5036812142834938,
      "normalizedRme": 14.156044011327662,
      "samples": 1832
    },
    "parse-format/1000-items-watchers": {
      "hz": 853.6491345659579,
      "mean": 1.1720107583020443,
      "normalized": 0.35221239509147423,
      "normalizedRme": 9.357872920197668,
      "samples": 1282
    },
    "query-pagination/10-pages-x100": {
      "hz": 1566.1567517550523,
      "mean": 0.6386070826937228,
      "normalized": 0.6461657403932399,
      "normalizedRme": 7.1360968374326,
      "samples": 2350
    },
    "query-pagination/100-pages-x100": {
      "hz": 139.20933634125876,
      "mean": 7.226922047990283,
      "normalized": 0.057446423042089835,
      "normalizedRme": 24.407407433915417,
      "samples": 210
    }
  }
}
