{
  "schemaVersion": 3,
  "generatedAt": "2026-06-10T18:25:03.362Z",
  "node": "v24.3.0",
  "runs": 10,
  "referenceOperationsPerSecond": 2433.0243439650476,
  "tasks": {
    "reference/parse-500-items": {
      "operationsPerSecond": 2433.0243439650476,
      "mean": 0.4111418215058819,
      "normalized": 1,
      "normalizedRelativeMarginOfErrorPercent": 0,
      "samples": 12171
    },
    "batch-get-format/100-items": {
      "operationsPerSecond": 3858.3806990022845,
      "mean": 0.2592887852712155,
      "normalized": 1.585890381497777,
      "normalizedRelativeMarginOfErrorPercent": 1.013746647150447,
      "samples": 19320
    },
    "entity-construction/new-entity": {
      "operationsPerSecond": 6254.40892557932,
      "mean": 0.15991138163073665,
      "normalized": 2.5710560328456022,
      "normalizedRelativeMarginOfErrorPercent": 0.9698110978836614,
      "samples": 31277
    },
    "entity-construction/new-entity-watchers": {
      "operationsPerSecond": 5711.937004785308,
      "mean": 0.17507553094332612,
      "normalized": 2.348459472810711,
      "normalizedRelativeMarginOfErrorPercent": 1.4770300388933606,
      "samples": 28565
    },
    "params-chain/get": {
      "operationsPerSecond": 387973.2106890793,
      "mean": 0.002577654861021239,
      "normalized": 159.52233021131025,
      "normalizedRelativeMarginOfErrorPercent": 1.7151408896518312,
      "samples": 1939870
    },
    "params-chain/query": {
      "operationsPerSecond": 259533.33275631623,
      "mean": 0.003855515012352204,
      "normalized": 106.72685226798549,
      "normalizedRelativeMarginOfErrorPercent": 2.7938466279878544,
      "samples": 1297941
    },
    "params-chain/query-where": {
      "operationsPerSecond": 112780.48112728125,
      "mean": 0.008868369193681808,
      "normalized": 46.37406347031307,
      "normalizedRelativeMarginOfErrorPercent": 2.0433268693388253,
      "samples": 564575
    },
    "params-chain/update-set": {
      "operationsPerSecond": 90675.1380517179,
      "mean": 0.01103189367465487,
      "normalized": 37.283339936275425,
      "normalizedRelativeMarginOfErrorPercent": 2.1245831960796413,
      "samples": 453519
    },
    "params-chain/upsert": {
      "operationsPerSecond": 78631.54163923618,
      "mean": 0.01272494054815596,
      "normalized": 32.33392307722848,
      "normalizedRelativeMarginOfErrorPercent": 2.6188127725487638,
      "samples": 393253
    },
    "parse-format/100-items": {
      "operationsPerSecond": 12200.533019125965,
      "mean": 0.08200320403389624,
      "normalized": 5.017144207152649,
      "normalizedRelativeMarginOfErrorPercent": 2.5964103316993548,
      "samples": 61010
    },
    "parse-format/1000-items": {
      "operationsPerSecond": 1226.9213915426685,
      "mean": 0.8154303062335536,
      "normalized": 0.50445033377815,
      "normalizedRelativeMarginOfErrorPercent": 2.1773722652963046,
      "samples": 6141
    },
    "parse-format/1000-items-watchers": {
      "operationsPerSecond": 836.0174721181766,
      "mean": 1.1979540983114136,
      "normalized": 0.34373482855789816,
      "normalizedRelativeMarginOfErrorPercent": 3.236479099054849,
      "samples": 4184
    },
    "query-pagination/10-pages-x100": {
      "operationsPerSecond": 1516.132762922901,
      "mean": 0.6604050249489395,
      "normalized": 0.6234040932196916,
      "normalizedRelativeMarginOfErrorPercent": 3.1251304614877977,
      "samples": 7587
    },
    "query-pagination/100-pages-x100": {
      "operationsPerSecond": 136.18571131973573,
      "mean": 7.350136782834127,
      "normalized": 0.056003780045826124,
      "normalizedRelativeMarginOfErrorPercent": 3.1941200045888243,
      "samples": 687
    }
  }
}
